Workbook

Sheet Matriz Check List
C3: MATRIZ PARA COMPROBACIÓN REQUERIMIENTOS DE CALIDAD DE PROYECTO ACADEMICO
D5: SISTEMA: | E5: SISTEMA DE INVENTARIO DE MATERIA PRIMA (SIMP)
F6: Requerimientos Funcionales
B7: Nº | C7: CRITERIOS DE CALIDAD (Documento/Requerimientos) | E7: Status Nivel de Acuerdo | F7: CU001.1 GESTIONAR PRODUCTOS | G7: Status Nivel de Acuerdo | H7: 100 | I7: CU001.2 Gestionar unidades de medida | J7: Status Nivel de Acuerdo | K7: CU001.4 Consolidar Inventario del Sistema
H8: 0
B9: 1 | C9: Agreed | E9: OK | F9: 1. Videoconferencia de la entrevista 2. Minuta de la entrevista 3. Aceptación por videoconferencia | H9: 1 | I9: 1. Videoconferencia de la entrevista 2. Minuta de la entrevista 3. Aceptación del prototipo no funcional mediante videoconferencia | J9: OK | K9: 1. Videoconferencia de la entrevista 2. Minuta de la entrevista 3. Aceptación del prototipo no funcional mediante videoconferencia
B10: 2 | C10: Ranked | E10: OK | F10: 1. En la descripción del caso de Uso se especifica la prioridad Alta | G10: OK | I10: 1. En la descripción del caso de Uso se especifica la prioridad Primario | J10: OK | K10: 1. La descripción del CU indica Tipo: "Primario y crítico". 2. RF-04 tiene prioridad Alta/Esencial.
B11: 3 | C11: Unambiguos | E11: OK | F11: 1. Redacción en lenguaje claro. 2. El tutor y el equipo interpretan de igual manera el caso de uso | G11: NOK | I11: 1. La redacción puede ser más especifica y clara | J11: NOK | K11: 1. No se define cómo se combinan los conteos físicos y las compras para obtener las existencias, ni de dónde se derivan las "salidas" por producto. 2. No es claro si la consolidación es automática (Alcance 1.2) o la ejecuta el Administrador (actor del CU).
B12: 4 | C12: Valid and up-to date | E12: OK | F12: 1. Toda nueva información ha sido incorporada, se han incorporado los últimos cambios pedidos luego del feedback realizado por el cliente | G12: OK | I12: 1. Toda la información ha sido incorporada con el último feedback | J12: OK | K12: 1. Toda nueva información ha sido incorporada, se han incorporado los últimos cambios pedidos luego del feedback realizado por el cliente
B13: 5 | C13: Correct | E13: OK | F13: 1. Está alineado con los objetivos del sistema. 2. Refleja lo que realmente necesita el cliente. | G13: OK | I13: 1. Está alineado con los objetivos del sistema. 2. Refleja lo que realmente necesita el cliente. | J13: OK | K13: 1. Está alineado con el objetivo del SIMP: inventario confiable, actualizado y trazable. 2. Refleja la necesidad del cliente de reemplazar los conteos y registros manuales.
B14: 6 | C14: Consisten | E14: OK | F14: 1. Documentación basada en modelos: Diagrama de Casos de Uso 2. Usa términos definidos previamente. | G14: OK | I14: 1. Documentación basada en modelos: Diagrama de Casos de Uso 2. Usa términos definidos previamente. | J14: NOK | K14: 1. Documentación basada en modelos: Diagrama de Casos de Uso. Usa términos definidos (Stock, Inventario). 2. En el diagrama, <<include>> entre "Gestionar compras" y "Actualizar existencias" tiene el sentido invertido. 3. El diagrama no relaciona el registro de conteos físicos con la consolidación, aunque la descripción los integra.
B15: 7 | C15: Verifiable | E15: NOK | F15: 1. Requisito Medible 2. Falta Casos de Prueba | G15: NOK | I15: 1.No ha sido desarrollado | J15: NOK | K15: 1. Las salidas se describen de forma cualitativa ("existencias actualizadas"), sin criterios de aceptación medibles. 2. Faltan casos de prueba; NF-04 (< 5 s) cubre consultas y reportes, no la consolidación.
B16: 8 | C16: Realizable | E16: NOK | F16: 1. Funcionalidad tomada en cuenta dentro de la estimación del costo del proyecto (900$) 2. No se ha desarrollado | G16: NOK | I16: 1. No ha sido desarrollado | J16: NOK | K16: 1. No ha sido desarrollado
B17: 9 | C17: Traceable | E17: OK | F17: 1. Es claro el origen del requisito y sus relaciones con otros requisitos (matriz de trazabilidad cliente/casos de uso y casos de uso/casos de uso) 2. Cuenta con un identificador único | G17: NOK | I17: 1. No se tiene una matriz de trazabilidad | J17: NOK | K17: 1. No se tiene una matriz de trazabilidad
B18: 10 | C18: Complete | E18: OK | F18: 1. Contiene toda la información necesaria (entradas, salidas, precondiciones, postcondiciones) para entender y diseñar la función. 2. Describe completamente la funcionalidad esperada. | G18: OK | I18: 1. Se describe lo que se acordo | J18: OK | K18: 1. Contiene toda la información necesaria (entradas, salidas, precondiciones, postcondiciones) para entender y diseñar la función. 2. Describe completamente la funcionalidad esperada.
B19: 11 | C19: Understandability | E19: OK | F19: 1. Se involucra al cliente 2. Existe glosario de términos | G19: OK | I19: 1. Se involucra al cliente | J19: OK | K19: 1. Se involucra al cliente como fuente de información. 2. Existe glosario (1.4: Stock, Inventario, Trazabilidad); falta el término "Consolidación".

Sheet MODELO LISTA DE COMPROBACIO (3)
B1: SISTEMA: | C1: Sistema de Inventario de Materia Prima (SIMP)
B2: FECHA: | C2: 46297
B3: AUTOR: | C3: Báez Jaramillo, Gabriel Alejandro
B4: REQUERIMIENTOS EVALUADOS : | C4: CU4 Consolidar Inventario del sistema
A6: CONTENIDO
A7: No. | B7: Pregunta | C7: SI | D7: NO
A8: 1 | B8: Todos los requerimientos relevantes se han documentado? | D8: X
A9: 2 | B9: Se han implementado las funciones requeridas? | D9: X
A10: 3 | B10: Existe algún mecanismo que permita seguir el impacto de dicho requerimiento a lo largo del resto de las actividades del ciclo productivo.? | C10: X
A11: 4 | B11: El origen de cada requerimento individual está claro ? | C11: X
A12: 5 | B12: Que tan facil es devolverse a los requerimientos? | C12: X
A13: 6 | B13: Los requerimientos reflejan las necesidades y deseos del cliente? | C13: X
A14: 7 | B14: No hay contradicciones entre los requerimientos? | D14: X
A15: 8 | B15: El requerimiento que se esta especificando contribuye a alcanzar un objetivo definido ? | C15: X
A16: 9 | B16: Existe un proceso acotado (en plazo y presupuesto) que permita determinar que el sistema construido satisface lo descrito en el propio requerimiento? | D16: X
A17: SUMATORIA: | C17: =COUNTA('MODELO LISTA DE COMPROBACIO (3)'!$C$8:$C$16) -> 5 | D17: =COUNTA('MODELO LISTA DE COMPROBACIO (3)'!$D$8:$D$16) -> 4
A18: PORCENTAJE : | C18: =C17/9 -> 0.55555556 | D18: =D17/9 -> 0.44444444
A20: DOCUMENTACIÓN
A21: No. | B21: Pregunta | C21: SI | D21: NO
A22: 1 | B22: Aplica un estandar para la documetación de requerimiento? | C22: X
A23: 2 | B23: Cumple con la estructura definida por el estandar? | C23: X
A24: 3 | B24: Utiliza un Glosario de términos normalizado? | C24: X
A25: 4 | B25: Los requerimientos Funcionales estan sujetos a una única interpretación? | D25: X
A26: 5 | B26: El modelo aplicado cumple con la sintaxis? | C26: X
A27: SUMATORIA: | C27: =COUNTA('MODELO LISTA DE COMPROBACIO (3)'!$C$22:$C$26) -> 4 | D27: =COUNTA('MODELO LISTA DE COMPROBACIO (3)'!$D$22:$D$26) -> 1
A28: PORCENTAJE : | C28: =C27/5 -> 0.8 | D28: =D27/5 -> 0.2
A30: NIVEL DE ACUERDO
A31: No. | B31: Pregunta | C31: SI | D31: NO
A32: 1 | B32: Todos los requerimientos han sido acordados con todos los interesados? | C32: X
A33: 2 | B33: Todos los requerimientos modificados han sido acordados por todos los implicados? | C33: X
A34: 3 | B34: Han sido resueltos todos los conflictos conocidos respectos de los requerimientos? | C34: X
A35: SUMATORIA: | C35: =COUNTA('MODELO LISTA DE COMPROBACIO (3)'!$C$32:$C$34) -> 3 | D35: =COUNTA('MODELO LISTA DE COMPROBACIO (3)'!$D$32:$D$34) -> 0
A36: PORCENTAJE : | C36: =C35/3 -> 1 | D36: =D35/3 -> 0
A40: RESUMEN
B41: CONTENIDO | C41: 56
B42: DOCUMENTACIÓN | C42: 80
B43: NIVEL DE ACUERDO | C43: 100

Sheet MODELO LISTA DE COMPROBACIO (4)
B1: SISTEMA: | C1: Sistema de Inventario de Materia Prima (SIMP)
B2: FECHA: | C2: 46297
B3: AUTOR: | C3: Guayanay Lema Erika Vannesa
B4: REQUERIMIENTOS EVALUADOS : | C4: CU001.1 GESTIONAR PRODUCTOS
A6: CONTENIDO
A7: No. | B7: Pregunta | C7: SI | D7: NO
A8: 1 | B8: Todos los requerimientos relevantes se han documentado? | D8: X
A9: 2 | B9: Se han implementado las funciones requeridas? | D9: X
A10: 3 | B10: Existe algún mecanismo que permita seguir el impacto de dicho requerimiento a lo largo del resto de las actividades del ciclo productivo.? | C10: X
A11: 4 | B11: El origen de cada requerimento individual está claro ? | C11: X
A12: 5 | B12: Que tan facil es devolverse a los requerimientos? | C12: X
A13: 6 | B13: Los requerimientos reflejan las necesidades y deseos del cliente? | C13: X
A14: 7 | B14: No hay contradicciones entre los requerimientos? | D14: X
A15: 8 | B15: El requerimiento que se esta especificando contribuye a alcanzar un objetivo definido ? | C15: X
A16: 9 | B16: Existe un proceso acotado (en plazo y presupuesto) que permita determinar que el sistema construido satisface lo descrito en el propio requerimiento? | D16: X
A17: SUMATORIA: | C17: =COUNTA('MODELO LISTA DE COMPROBACIO (4)'!$C$8:$C$16) -> 5 | D17: =COUNTA('MODELO LISTA DE COMPROBACIO (4)'!$D$8:$D$16) -> 4
A18: PORCENTAJE : | C18: =C17/9 -> 0.55555556 | D18: =D17/9 -> 0.44444444
A20: DOCUMENTACIÓN
A21: No. | B21: Pregunta | C21: SI | D21: NO
A22: 1 | B22: Aplica un estandar para la documetación de requerimiento? | C22: X
A23: 2 | B23: Cumple con la estructura definida por el estandar? | C23: X
A24: 3 | B24: Utiliza un Glosario de términos normalizado? | C24: X
A25: 4 | B25: Los requerimientos Funcionales estan sujetos a una única interpretación? | C25: X
A26: 5 | B26: El modelo aplicado cumple con la sintaxis? | C26: X
A27: SUMATORIA: | C27: =COUNTA('MODELO LISTA DE COMPROBACIO (4)'!$C$22:$C$26) -> 5 | D27: =COUNTA('MODELO LISTA DE COMPROBACIO (4)'!$D$22:$D$26) -> 0
A28: PORCENTAJE : | C28: =C27/5 -> 1 | D28: =D27/5 -> 0
A30: NIVEL DE ACUERDO
A31: No. | B31: Pregunta | C31: SI | D31: NO
A32: 1 | B32: Todos los requerimientos han sido acordados con todos los interesados? | C32: X
A33: 2 | B33: Todos los requerimientos modificados han sido acordados por todos los implicados? | C33: X
A34: 3 | B34: Han sido resueltos todos los conflictos conocidos respectos de los requerimientos? | C34: X
A35: SUMATORIA: | C35: =COUNTA('MODELO LISTA DE COMPROBACIO (4)'!$C$32:$C$34) -> 3 | D35: =COUNTA('MODELO LISTA DE COMPROBACIO (4)'!$D$32:$D$34) -> 0
A36: PORCENTAJE : | C36: =C35/3 -> 1 | D36: =D35/3 -> 0
A40: RESUMEN
B41: CONTENIDO | C41: 56
B42: DOCUMENTACIÓN | C42: 100
B43: NIVEL DE ACUERDO | C43: 100

Sheet MODELO LISTA DE COMPROBACIO (2)
B1: SISTEMA: | C1: Sistema de Inventario de Materia Prima (SIMP)
B2: FECHA: | C2: 46297
B3: AUTOR: | C3: Isaac
B4: REQUERIMIENTOS EVALUADOS : | C4: CU001.1 GESTIONAR UNIDADES DE MEDIDA
A6: CONTENIDO
A7: No. | B7: Pregunta | C7: SI | D7: NO
A8: 1 | B8: Todos los requerimientos relevantes se han documentado? | D8: X
A9: 2 | B9: Se han implementado las funciones requeridas? | D9: X
A10: 3 | B10: Existe algún mecanismo que permita seguir el impacto de dicho requerimiento a lo largo del resto de las actividades del ciclo productivo.? | C10: X
A11: 4 | B11: El origen de cada requerimento individual está claro ? | C11: X
A12: 5 | B12: Que tan facil es devolverse a los requerimientos? | C12: X
A13: 6 | B13: Los requerimientos reflejan las necesidades y deseos del cliente? | C13: X
A14: 7 | B14: No hay contradicciones entre los requerimientos? | D14: X
A15: 8 | B15: El requerimiento que se esta especificando contribuye a alcanzar un objetivo definido ? | C15: X
A16: 9 | B16: Existe un proceso acotado (en plazo y presupuesto) que permita determinar que el sistema construido satisface lo descrito en el propio requerimiento? | D16: X
A17: SUMATORIA: | C17: =COUNTA('MODELO LISTA DE COMPROBACIO (2)'!$C$8:$C$16) -> 5 | D17: =COUNTA('MODELO LISTA DE COMPROBACIO (2)'!$D$8:$D$16) -> 4
A18: PORCENTAJE : | C18: =C17/9 -> 0.55555556 | D18: =D17/9 -> 0.44444444
A20: DOCUMENTACIÓN
A21: No. | B21: Pregunta | C21: SI | D21: NO
A22: 1 | B22: Aplica un estandar para la documetación de requerimiento? | C22: X
A23: 2 | B23: Cumple con la estructura definida por el estandar? | C23: X
A24: 3 | B24: Utiliza un Glosario de términos normalizado? | D24: X
A25: 4 | B25: Los requerimientos Funcionales estan sujetos a una única interpretación? | C25: X
A26: 5 | B26: El modelo aplicado cumple con la sintaxis? | C26: X
A27: SUMATORIA: | C27: =COUNTA('MODELO LISTA DE COMPROBACIO (2)'!$C$22:$C$26) -> 4 | D27: =COUNTA('MODELO LISTA DE COMPROBACIO (2)'!$D$22:$D$26) -> 1
A28: PORCENTAJE : | C28: =C27/5 -> 0.8 | D28: =D27/5 -> 0.2
A30: NIVEL DE ACUERDO
A31: No. | B31: Pregunta | C31: SI | D31: NO
A32: 1 | B32: Todos los requerimientos han sido acordados con todos los interesados? | C32: X
A33: 2 | B33: Todos los requerimientos modificados han sido acordados por todos los implicados? | C33: X
A34: 3 | B34: Han sido resueltos todos los conflictos conocidos respectos de los requerimientos? | C34: X
A35: SUMATORIA: | C35: =COUNTA('MODELO LISTA DE COMPROBACIO (2)'!$C$32:$C$34) -> 3 | D35: =COUNTA('MODELO LISTA DE COMPROBACIO (2)'!$D$32:$D$34) -> 0
A36: PORCENTAJE : | C36: =C35/3 -> 1 | D36: =D35/3 -> 0
A40: RESUMEN
B41: CONTENIDO | C41: 56
B42: DOCUMENTACIÓN | C42: 100
B43: NIVEL DE ACUERDO | C43: 100

Sheet RECOMENDACIONES - CU001.2
A1: PREGUNTA | B1: RECOMENDACIÓN
A2: ¿Se han validado y aprobado formalmente todos los entregables de la entrevista (videoconferencia, minuta, acta de aceptación)? | B2: Para garantizar que las especificaciones del módulo de administración de unidades de medida cuenten con el respaldo y conformidad del negocio, se debe gestionar la firma del acta de aceptación formal entre el cliente, el tutor y el equipo de desarrollo. Este documento ratifica la validación de las entradas registradas (nombre, abreviatura y estado) y de las salidas requeridas para la integración con los procesos de productos y compras.
A3: ¿Existen casos de prueba que permitan medir objetivamente si el requisito se cumplió? que permitan medir objetivamente el cumplimiento del requisito? | B3: Con el fin de asegurar la verificabilidad técnica del caso de uso, se debe diseñar casos de prueba específicos y criterios de aceptación detallados. Estos escenarios evalúan la creación, modificación y desactivación/eliminación de unidades de medida, validando restricciones como la duplicidad de nombres o abreviaturas y garantizando que únicamente las unidades en estado activo se encuentren disponibles en los formularios de registro de productos y compras.
A4: ¿Se ha incorporado los cambios sugeridos por el tutor o el cliente? | B4: Se establecerá una bitácora de control de cambios para llevar la trazabilidad de las correcciones y observaciones emitidas por el cliente y el tutor sobre el caso de uso. A través de este registro se evidencia la incorporación de las retroalimentaciones recibidas, asegurando que las modificaciones al flujo del Administrador y a la estructura de datos mantengan coherencia con la evolución de los requerimientos
A5: ¿Se mantiene la coherencia con otros requisitos del sistema y utiliza términos o definiciones de forma uniforme a lo largo del documento? | B5: Se debería establecer una bitácora de control de cambios para llevar la trazabilidad de las correcciones y observaciones emitidas por el cliente y el tutor sobre el caso de uso. A través de este registro se evidencia la incorporación de las retroalimentaciones recibidas, asegurando que las modificaciones al flujo del Administrador y a la estructura de datos mantengan coherencia con la evolución de los requerimientos
A6: ¿Todos los requerimientos han sido acordados con todos los interesados? | B6: Se debería coordinare impartir sesiones de validación y consenso con los interesados clave (administradores del sistema y responsables del área de compras e inventario) previo al cierre del documento de especificación. Dichas sesiones permitieron confirmar que los flujos de creación, modificación y uso de unidades de medida responden fielmente a los procesos operativos del negocio."

Sheet RECOMENDACIONES - CU001.1
A1: PREGUNTA | B1: RECOMENDACIÓN
A2: ¿Se han validado y aprobado formalmente todos los entregables de la entrevista (videoconferencia, minuta, acta de aceptación)? | B2: Firmar un acta de aceptación formal entre el tutor, el cliente y el equipo de desarrollo para dejar constancia inequívoca del alcance validado
A3: ¿Existen casos de prueba que permitan medir objetivamente si el requisito se cumplió? que permitan medir objetivamente el cumplimiento del requisito? | B3: Redactar casos de prueba específicos (ej. creación exitosa de producto, error por campos vacíos) y criterios de aceptación, ya que actualmente falta esta documentación para que el requisito sea verificable.
A4: ¿Se ha incorporado los cambios sugeridos por el tutor o el cliente? | B4: Implementar una bitácora de control de cambios que registre y evidencie la incorporación de cada sugerencia realizada por el tutor o el cliente.
A5: ¿Se mantiene la coherencia con otros requisitos del sistema y utiliza términos o definiciones de forma uniforme a lo largo del documento? | B5: Revisar la descripción del requisito para eliminar redundancias y asegurar que todos los conceptos coincidan estrictamente con el glosario del proyecto.
A6: ¿Todos los requerimientos han sido acordados con todos los interesados? | B6: Se recomienda realizar sesiones de validación y consenso con todos los interesados clave antes de cerrar la especificación de requerimientos, esto asegurará que los requerimientos reflejen las necesidades puntuales.

Sheet RECOMENDACIONES - CU001.4
A1: PREGUNTA | B1: RECOMENDACIÓN
A2: ¿Se han validado y aprobado formalmente con el cliente y la docente las reglas del CU "Consolidar inventario del sistema"? | B2: Registrar en una minuta o acta la aceptación del cliente tras cada sesión de elicitación, adjuntarla al repositorio del proyecto y completar los campos de "Aprobación" del SRS (sección 1.3).
A3: ¿Está definido sin ambigüedad cómo se calculan las existencias consolidadas y quién dispara la consolidación? | B3: Documentar, acordada con el cliente, la regla de cálculo (cómo se combinan conteo físico y compras y de dónde se derivan las salidas por producto) y aclarar si la consolidación es automática o iniciada por el Administrador, usando un único criterio en Alcance, CU y RF-04.
A4: ¿Se han incorporado los cambios sugeridos en la revisión del SRS? | B4: Resolver las notas pendientes de la sección 1.1, unificar el nombre del proyecto (SIMP / BACAM_IMP) y alinear el nombre del CU entre diagrama y descripción, apoyándose en un registro de cambios por revisión.
A5: ¿Son coherentes entre sí el diagrama de casos de uso y la descripción del CU? | B5: Corregir el sentido de <<include>> (desde el caso base hacia el incluido), relacionar en el diagrama el registro de conteos físicos con la consolidación y representar al actor Sistema donde la descripción lo declara.
A6: ¿Se han definido criterios de aceptación y casos de prueba que permitan medir objetivamente el cumplimiento del requisito? | B6: Elaborar criterios de aceptación en formato Given-When-Then (p. ej.: dado un conteo físico y compras registradas de un producto, cuando el Administrador consolida, entonces las existencias y el detalle de entradas y salidas se actualizan), cada uno cubierto por al menos un caso de prueba; confirmar con el cliente si se requiere un tiempo máximo de respuesta.
A7: ¿Contiene el CU toda la información necesaria (precondiciones, postcondiciones, flujos) para entender y diseñar la función? | B7: Agregar precondiciones (usuario autenticado, conteos y compras registrados), postcondiciones, flujo principal y alternos; completar la descripción de RF-04, añadir un RF-UI para la pantalla de consolidación, incluir "Consolidación" en el glosario y asignar un ID explícito al CU.
